full_name,document_type,document_number,phone,email,address,rfc
Silvia Morales García,Pasaporte,X685761841,555-9281,silvia.morales@email.com,Calle Oriente #777,MOSG620617HDF
Carmen Ortiz Torres,Cédula,J434456613,555-9524,carmen.ortiz@email.com,Calle Central #646,ORCT560112MDF
Gabriela Guzmán Chávez,Pasaporte,Y393627507,555-7267,gabriela.guzmán@email.com,Calle Principal #322,GUGC700919XXX
Carlos Rodríguez Sánchez,INE,E570849748,555-8513,carlos.rodríguez@email.com,Calle Norte #456,ROCS960828XXX
José Martínez Rivera,Pasaporte,D948912390,555-6216,josé.martínez@email.com,Calle Central #25,MAJR921226XXX
Carlos Ortiz Sánchez,Pasaporte,L525873789,555-4984,carlos.ortiz@email.com,Calle Norte #514,ORCS590920ABC
María Rodríguez Castillo,INE,T523487757,555-1937,maría.rodríguez@email.com,Calle Sur #25,ROMC781004HDF
Elena Delgado Ortega,Cédula,U528242738,555-1984,elena.delgado@email.com,Calle Sur #175,DEEO990320XXX
Pedro González Díaz,Cédula,E568734652,555-4292,pedro.gonzález@email.com,Calle Sur #646,GOPD770101ABC
Alberto Ramos Pérez,Cédula,K361157872,555-2380,alberto.ramos@email.com,Calle Oriente #999,RAAP630325HDF
Ricardo Ramos Pérez,INE,O125980974,555-1112,ricardo.ramos@email.com,Calle Oriente #870,RARP970519XYZ
Juan Guzmán Delgado,INE,H923761402,555-2190,juan.guzmán@email.com,Calle Principal #70,GUJD740410XYZ
Pedro Vargas Martínez,INE,S341167015,555-3821,pedro.vargas@email.com,Calle Poniente #543,VAPM550827ABC
Laura Reyes Ortiz,Pasaporte,G282042795,555-1073,laura.reyes@email.com,Calle Poniente #151,RELO950123HDF
Daniel Rivera García,INE,F635404717,555-8955,daniel.rivera@email.com,Calle Oriente #998,RIDG521102ABC
Rosa López Martínez,INE,B563059825,555-7648,rosa.lópez@email.com,Calle Poniente #514,LÓRM610720XYZ
Elena Vargas Chávez,Pasaporte,O627608321,555-2303,elena.vargas@email.com,Calle Principal #837,VAEC980715XXX
José Reyes López,Cédula,H944178328,555-7413,josé.reyes@email.com,Calle Central #916,REJL570724ABC
Manuel Reyes Delgado,INE,V904043842,555-1109,manuel.reyes@email.com,Calle Poniente #808,REMD511122HDF
Jorge Hernández Vargas,Pasaporte,U846861974,555-1811,jorge.hernández@email.com,Calle Poniente #181,HEJV990519XYZ
Francisco González Rivera,INE,O546790362,555-9295,francisco.gonzález@email.com,Calle Oriente #737,GOFR581102HDF
Francisco González López,Pasaporte,S460784891,555-4614,francisco.gonzález@email.com,Calle Oriente #96,GOFL910822ABC
Daniel Cruz Pérez,Pasaporte,T471415713,555-7546,daniel.cruz@email.com,Calle Norte #411,CRDP651022HDF
Manuel Pérez Castillo,INE,P272812428,555-4563,manuel.pérez@email.com,Calle Principal #864,PÉMC611003MDF
Isabel Castillo Martínez,INE,W651066941,555-1127,isabel.castillo@email.com,Calle Norte #911,CAIM940306XYZ
Elena Cruz Rivera,Pasaporte,J836801740,555-4174,elena.cruz@email.com,Calle Central #251,CRER940622XXX
Pedro González Ortega,INE,Z993427006,555-1306,pedro.gonzález@email.com,Calle Central #364,GOPO551106HDF
Luis Hernández Delgado,Cédula,K760356133,555-1489,luis.hernández@email.com,Calle Norte #118,HELD820524XYZ
Luis Cruz López,INE,T141722961,555-8856,luis.cruz@email.com,Calle Norte #674,CRLL830628XXX
Gabriela Ortega Vargas,Cédula,L419536311,555-6389,gabriela.ortega@email.com,Calle Oriente #291,ORGV750819HDF
Pedro Ortega García,Cédula,K337335401,555-3729,pedro.ortega@email.com,Calle Sur #376,ORPG590217ABC
Carmen López Castillo,Cédula,O151858568,555-5390,carmen.lópez@email.com,Calle Central #250,LÓCC990602MDF
Alejandro Reyes López,INE,E523889125,555-9795,alejandro.reyes@email.com,Calle Principal #152,REAL810807XXX
Diana Ortiz Reyes,Pasaporte,S618069605,555-1347,diana.ortiz@email.com,Calle Sur #618,ORDR971223XYZ
Diana Rodríguez García,Cédula,B775742463,555-6764,diana.rodríguez@email.com,Calle Principal #246,RODG530405XXX
Alberto García Cruz,INE,C174493786,555-1166,alberto.garcía@email.com,Calle Oriente #904,GAAC730216ABC
Carlos Ramos Ortiz,INE,N972101801,555-6991,carlos.ramos@email.com,Calle Sur #883,RACO880117HDF
Carlos Pérez Ruiz,Pasaporte,Q235853434,555-7456,carlos.pérez@email.com,Calle Oriente #107,PÉCR960613MDF
Silvia Reyes Chávez,Pasaporte,Z689362878,555-8243,silvia.reyes@email.com,Calle Central #14,RESC860415XXX
Daniel López Hernández,Cédula,Q629673652,555-6891,daniel.lópez@email.com,Calle Norte #884,LÓDH630327ABC
Alejandro Castillo Cruz,Cédula,H645319139,555-2397,alejandro.castillo@email.com,Calle Sur #982,CAAC900219HDF
Isabel Morales Flores,INE,B576741301,555-9100,isabel.morales@email.com,Calle Norte #754,MOIF621211MDF
María Rivera Rodríguez,INE,H985024933,555-8881,maría.rivera@email.com,Calle Norte #500,RIMR580302HDF
Silvia Delgado Flores,INE,G220872381,555-4873,silvia.delgado@email.com,Calle Central #963,DESF881025HDF
José Ortega Chávez,INE,T154214352,555-5580,josé.ortega@email.com,Calle Norte #724,ORJC840906XXX
María Rivera Chávez,Cédula,Q677011834,555-8877,maría.rivera@email.com,Calle Oriente #708,RIMC920918ABC
Jorge Ortiz Delgado,Pasaporte,D226287148,555-5760,jorge.ortiz@email.com,Calle Norte #891,ORJD790427XYZ
Ricardo Ramos Ortiz,Cédula,Z711896314,555-5354,ricardo.ramos@email.com,Calle Norte #31,RARO510905XXX
Ricardo Chávez Mendoza,Pasaporte,M593488020,555-3064,ricardo.chávez@email.com,Calle Sur #484,CHRM661101MDF
Silvia Torres Guzmán,Cédula,S628044771,555-5471,silvia.torres@email.com,Calle Central #756,TOSG720228HDF
Carmen Mendoza González,INE,S661173393,555-8913,carmen.mendoza@email.com,Calle Sur #649,MECG570924XXX
María Sánchez Ortiz,Cédula,N420997669,555-8576,maría.sánchez@email.com,Calle Sur #795,SÁMO651109XYZ
Francisco Sánchez Rivera,INE,V919016526,555-1633,francisco.sánchez@email.com,Calle Norte #888,SÁFR910223XXX
Isabel Rivera Reyes,Cédula,B103676434,555-5161,isabel.rivera@email.com,Calle Poniente #78,RIIR860317XYZ
Claudia Ortega Castillo,Pasaporte,A149771044,555-6039,claudia.ortega@email.com,Calle Sur #44,ORCC760824XYZ
Francisco Mendoza Morales,Pasaporte,J351922083,555-2963,francisco.mendoza@email.com,Calle Norte #147,MEFM700912ABC
Carlos Ortiz Reyes,Pasaporte,N602807984,555-6624,carlos.ortiz@email.com,Calle Norte #130,ORCR910616XYZ
Rafael Ortiz Ramos,INE,G964128551,555-4548,rafael.ortiz@email.com,Calle Principal #636,ORRR680220XXX
Rafael González Ortega,Cédula,O643312813,555-3578,rafael.gonzález@email.com,Calle Oriente #128,GORO921002HDF
Luis Guzmán Delgado,INE,U142874113,555-6302,luis.guzmán@email.com,Calle Oriente #510,GULD891120HDF
Carlos Castillo López,Pasaporte,C826404462,555-8806,carlos.castillo@email.com,Calle Principal #546,CACL720909XXX
Manuel Ramos Chávez,Pasaporte,E277999370,555-9234,manuel.ramos@email.com,Calle Poniente #762,RAMC970506MDF
Juan Martínez Delgado,Pasaporte,F274917168,555-8649,juan.martínez@email.com,Calle Poniente #93,MAJD580124ABC
Javier Castillo Flores,INE,O111901286,555-6213,javier.castillo@email.com,Calle Norte #587,CAJF740818MDF
Gabriela Guzmán Mendoza,INE,X998923190,555-9718,gabriela.guzmán@email.com,Calle Sur #338,GUGM551124ABC
Ana Díaz Chávez,Cédula,Q721534110,555-9178,ana.díaz@email.com,Calle Central #201,DÍAC910112XYZ
Pedro Ruiz Cruz,Pasaporte,D404094147,555-5776,pedro.ruiz@email.com,Calle Oriente #198,RUPC840722MDF
Manuel Morales González,INE,D943024572,555-9023,manuel.morales@email.com,Calle Oriente #782,MOMG920101MDF
Laura Ramos Castillo,INE,N212141974,555-5293,laura.ramos@email.com,Calle Poniente #746,RALC930802ABC
Elena Morales Reyes,Cédula,D771856381,555-3778,elena.morales@email.com,Calle Sur #200,MOER640813XXX
María Reyes Chávez,Cédula,Q996597392,555-9743,maría.reyes@email.com,Calle Norte #878,REMC700718HDF
Elena Ramos Mendoza,Cédula,H544547842,555-4942,elena.ramos@email.com,Calle Poniente #852,RAEM940428HDF
Gabriela Ortega Pérez,Cédula,E503932647,555-2634,gabriela.ortega@email.com,Calle Oriente #591,ORGP890417MDF
Patricia Chávez Mendoza,Cédula,M253633484,555-6083,patricia.chávez@email.com,Calle Norte #719,CHPM500221XYZ
Carmen Rodríguez Reyes,Pasaporte,Y595629444,555-5733,carmen.rodríguez@email.com,Calle Principal #973,ROCR940225MDF
Jorge Ramos Chávez,Pasaporte,X808899211,555-7773,jorge.ramos@email.com,Calle Central #247,RAJC560422ABC
Sofía Vargas Flores,Pasaporte,I357368035,555-4484,sofía.vargas@email.com,Calle Central #276,VASF981004XYZ
Gabriela Ramos Vargas,Cédula,O744722741,555-9428,gabriela.ramos@email.com,Calle Central #287,RAGV730507MDF
Elena Pérez Hernández,Cédula,T534615248,555-3532,elena.pérez@email.com,Calle Oriente #91,PÉEH891211HDF
Elena Ortiz Flores,Pasaporte,W830970908,555-4035,elena.ortiz@email.com,Calle Principal #435,OREF740510XXX
Manuel Díaz Pérez,INE,H572607835,555-3775,manuel.díaz@email.com,Calle Principal #416,DÍMP830822XYZ
Verónica Hernández Delgado,Cédula,I845803840,555-8499,verónica.hernández@email.com,Calle Norte #878,HEVD650904ABC
Gabriela Ortega Guzmán,Pasaporte,T507936146,555-7140,gabriela.ortega@email.com,Calle Central #235,ORGG760416MDF
Javier Ortiz Castillo,Pasaporte,J588124608,555-7582,javier.ortiz@email.com,Calle Poniente #237,ORJC751203MDF
Juan García Castillo,Pasaporte,V944199753,555-8188,juan.garcía@email.com,Calle Oriente #652,GAJC500803HDF
José Díaz Chávez,INE,Z110998525,555-5901,josé.díaz@email.com,Calle Principal #668,DÍJC711105HDF
María Castillo Delgado,INE,M448311859,555-9509,maría.castillo@email.com,Calle Principal #915,CAMD830606XYZ
Patricia Flores González,Pasaporte,V905071950,555-3189,patricia.flores@email.com,Calle Principal #355,FLPG961225ABC
Rosa Sánchez Hernández,Pasaporte,W132682528,555-1204,rosa.sánchez@email.com,Calle Principal #549,SÁRH681104MDF
Luis Torres Rivera,Pasaporte,Y754044220,555-9569,luis.torres@email.com,Calle Principal #673,TOLR640414ABC
Gabriela López Sánchez,INE,J883724658,555-5471,gabriela.lópez@email.com,Calle Norte #5,LÓGS630906ABC
Patricia Ruiz Rodríguez,INE,U947293322,555-8609,patricia.ruiz@email.com,Calle Norte #274,RUPR910914HDF
Ricardo Rivera Hernández,INE,J573206440,555-7660,ricardo.rivera@email.com,Calle Norte #20,RIRH551201HDF
Luis Delgado Delgado,Pasaporte,P271768261,555-7399,luis.delgado@email.com,Calle Central #729,DELD790503HDF
Francisco Reyes García,Cédula,Z740974798,555-4651,francisco.reyes@email.com,Calle Principal #762,REFG850427ABC
Miguel Sánchez Ortiz,INE,M547815530,555-6416,miguel.sánchez@email.com,Calle Central #916,SÁMO970421XXX
Claudia Flores Ortega,Cédula,N453866937,555-8523,claudia.flores@email.com,Calle Norte #363,FLCO621109MDF
Javier Mendoza Chávez,Cédula,C432412263,555-7097,javier.mendoza@email.com,Calle Principal #559,MEJC960225XXX
Claudia García Sánchez,INE,V908722976,555-6130,claudia.garcía@email.com,Calle Norte #980,GACS550112XXX
Ana Castillo Torres,Pasaporte,E656226014,555-6274,ana.castillo@email.com,Calle Central #480,CAAT530725XYZ
Patricia Castillo Ortiz,INE,B971428701,555-6689,patricia.castillo@email.com,Calle Oriente #527,CAPO630414HDF
Rosa Ramos Chávez,Cédula,Z825554301,555-8232,rosa.ramos@email.com,Calle Poniente #401,RARC680321ABC
Rafael Hernández Morales,Pasaporte,O606927174,555-7935,rafael.hernández@email.com,Calle Principal #989,HERM610221XYZ
Francisco Sánchez Torres,Pasaporte,F892310237,555-5092,francisco.sánchez@email.com,Calle Central #3,SÁFT790407MDF
Laura Rivera Torres,INE,A545047188,555-6440,laura.rivera@email.com,Calle Principal #863,RILT570121XXX
Diana Flores Pérez,INE,B311005143,555-9975,diana.flores@email.com,Calle Sur #489,FLDP981205MDF
Isabel Guzmán Delgado,Cédula,K239202047,555-6370,isabel.guzmán@email.com,Calle Oriente #75,GUID810116HDF
Jorge Chávez Guzmán,Cédula,E775114097,555-5650,jorge.chávez@email.com,Calle Principal #726,CHJG930101MDF
Francisco González Cruz,Cédula,J283728225,555-2516,francisco.gonzález@email.com,Calle Central #738,GOFC591226MDF
Gabriela Rivera Delgado,Cédula,K272629106,555-3162,gabriela.rivera@email.com,Calle Central #715,RIGD820905HDF
Daniel González López,INE,K596344019,555-4615,daniel.gonzález@email.com,Calle Sur #697,GODL831119XXX
María Reyes Reyes,INE,L315541071,555-6592,maría.reyes@email.com,Calle Central #380,REMR731128XXX
Daniel López Morales,Pasaporte,C691449276,555-7691,daniel.lópez@email.com,Calle Principal #30,LÓDM680702ABC
Rafael Martínez Rivera,Pasaporte,F366412496,555-7854,rafael.martínez@email.com,Calle Sur #579,MARR580124MDF
Carmen Díaz Torres,INE,P928012943,555-8589,carmen.díaz@email.com,Calle Norte #977,DÍCT940905MDF
Fernanda Flores Vargas,Cédula,L949617724,555-3190,fernanda.flores@email.com,Calle Sur #777,FLFV610908XXX
Luis Flores López,Pasaporte,M456468289,555-5271,luis.flores@email.com,Calle Norte #290,FLLL940321XXX
Gabriela Rivera Ramos,INE,Z211332655,555-9639,gabriela.rivera@email.com,Calle Central #142,RIGR681225MDF
Luis Ruiz Guzmán,INE,O188318154,555-5753,luis.ruiz@email.com,Calle Poniente #364,RULG850627HDF
Laura Ruiz Sánchez,INE,S724511484,555-9104,laura.ruiz@email.com,Calle Central #858,RULS740624HDF
